ticker,alpha,beta,mean_return,r_squared,stddev,sharpe,treynor
AAXJ,3.18,1.06,0.54,75.37,14.73,0.39,4.53
ACIM,4.35,0.86,0.6,88.27,11.02,0.58,7.0
ACWI,4.12,0.87,0.58,89.88,11.05,0.56,6.67
ACWV,6.93,0.55,0.75,62.9,8.33,0.99,15.03
ACWX,-0.07,1.0,0.26,99.97,12.01,0.2,1.66
ADRD,-1.94,0.92,0.09,86.89,11.79,0.02,-0.45
ADRE,2.6,1.3,0.54,74.02,18.1,0.32,3.28
AFK,-6.64,1.0,-0.29,54.29,16.27,-0.26,-5.44
AGG,-0.05,1.0,0.19,99.97,2.77,0.55,1.51
AGQ,-8.74,0.57,-1.13,5.04,38.46,-0.37,-34.41
AGZ,-0.13,0.64,0.14,90.76,1.86,0.47,1.36
AIA,5.63,1.14,0.76,73.74,15.94,0.53,6.52
AIRR,1.98,1.3,1.52,47.53,20.24,0.84,12.45
AMLP,-10.48,1.25,-0.19,56.31,18.42,-0.17,-3.74
ANGL,4.86,0.63,0.55,7.02,6.59,0.88,9.24
AOA,-0.42,1.32,0.53,97.62,8.86,0.63,4.06
AOK,0.14,0.56,0.29,86.67,3.96,0.67,4.75
AOM,0.03,0.71,0.34,93.9,4.88,0.67,4.53
AOR,-0.02,1.02,0.45,97.64,6.82,0.67,4.42
ARGT,7.53,1.32,0.96,46.22,23.23,0.46,6.44
ASEA,1.39,0.84,0.35,60.15,13.11,0.26,3.11
ASHR,10.01,1.14,1.13,25.4,27.21,0.47,8.4
AXJL,1.99,0.97,0.43,79.6,13.06,0.33,3.68
BAB,2.13,1.46,0.45,84.97,4.36,1.06,3.22
BBH,-1.09,1.34,0.64,44.52,22.16,0.31,3.37
BBRC,-2.38,0.86,0.04,63.87,13.02,-0.02,-1.3
BFOR,-4.34,1.14,0.66,80.47,14.21,0.5,5.54
BIB,-16.62,2.94,1.13,50.55,46.19,0.28,0.54
BIL,-0.24,0.01,0.04,11.01,0.22,-6.01,-50.57
BIS,11.9,-3.08,-1.52,49.1,49.1,-0.39,8.54
BIV,-0.13,1.3,0.22,96.53,3.66,0.52,1.44
BIZD,-1.08,0.84,0.39,41.34,14.48,0.27,3.52
BJK,-10.51,1.28,-0.18,52.15,19.57,-0.15,-3.7
BKF,3.43,1.29,0.61,73.38,18.08,0.36,3.96
BLV,-0.22,2.66,0.39,89.63,7.77,0.51,1.41
BND,-0.13,1.04,0.19,99.28,2.87,0.52,1.42
BNDX,1.88,0.73,0.32,63.96,2.51,1.2,4.19
BNO,6.94,1.94,-0.95,85.05,32.08,-0.38,-8.34
BOIL,-34.05,1.37,-3.9,8.78,70.3,-0.68,-39.16
BOND,0.74,0.96,0.25,85.23,2.87,0.78,2.33
BRF,1.35,1.43,0.46,27.37,32.79,0.15,-0.28
BRZU,-5.53,2.69,1.85,8.11,105.64,0.2,-9.76
BSCJ,0.66,0.45,0.18,53.89,1.67,0.8,3.05
BSCK,0.74,0.65,0.21,65.61,2.2,0.79,2.71
BSCL,0.88,0.83,0.25,70.79,2.72,0.8,2.63
BSCM,0.9,1.03,0.27,72.76,3.33,0.75,2.43
BSJJ,1.97,0.16,0.25,1.22,4.08,0.55,13.48
BSJK,2.18,0.22,0.27,1.74,4.55,0.55,11.38
BSV,-0.2,0.43,0.1,84.74,1.3,0.37,1.1
BWX,-3.04,1.2,-0.03,24.94,6.69,-0.17,-1.14
BWZ,-4.15,0.53,-0.21,5.39,6.35,-0.52,-6.6
BZQ,-6.02,-1.5,-1.7,6.68,65.02,-0.32,23.55
CARZ,-7.25,1.15,0.03,66.76,15.56,-0.03,-1.38
CEMB,1.98,0.73,0.32,17.94,4.76,0.65,4.22
CGW,0.37,0.86,0.52,73.1,11.17,0.49,5.84
CHIQ,1.68,1.31,0.47,56.42,20.92,0.23,2.09
CHIX,9.28,1.36,1.11,48.21,23.56,0.53,7.63
CJNK,1.7,0.84,0.32,35.35,3.92,0.77,3.57
CMBS,0.01,0.89,0.18,88.55,2.63,0.53,1.56
CMF,-0.42,1.03,0.26,98.4,3.06,0.76,2.26
COPX,-9.1,1.91,0.25,31.37,37.74,0.06,-2.38
CORN,-9.93,0.36,-1.06,8.71,18.42,-0.73,-39.76
CORP,0.54,1.23,0.27,78.26,3.83,0.64,1.99
CQQQ,4.76,1.53,0.77,53.58,25.07,0.34,3.62
CSD,-8.46,1.27,0.42,81.92,15.73,0.27,2.48
CSM,-0.18,1.01,0.89,97.17,11.45,0.87,9.68
CURE,-2.06,2.89,2.31,67.51,39.3,0.68,7.26
CUT,-3.63,1.22,0.37,74.16,15.7,0.23,2.02
CVY,-5.43,1.66,0.24,84.14,12.09,0.18,0.87
CWB,1.04,1.24,0.62,84.64,9.0,0.74,5.25
CWI,0.33,1.0,0.29,99.86,11.96,0.23,2.08
CYB,0.23,0.64,0.09,0.01,4.7,0.08,0.39
CZA,-1.31,0.99,0.79,89.29,11.76,0.74,8.39
DBA,-6.91,0.33,-0.78,24.52,10.08,-1.01,-31.09
DBB,5.4,0.42,0.17,18.12,15.16,0.08,0.24
DBC,0.65,0.99,-0.69,94.0,15.55,-0.59,-10.0
DBE,3.96,1.53,-0.87,86.02,25.19,-0.44,-8.83
DBEF,4.04,0.72,0.55,63.89,10.76,0.54,7.48
DBEM,1.55,0.85,0.36,81.4,11.29,0.32,3.58
DBEU,3.76,0.68,0.51,57.92,10.69,0.5,7.35
DBJP,5.08,0.84,0.66,42.07,15.56,0.46,7.27
DBLV,-3.47,0.99,0.6,83.46,12.05,0.53,5.99
DBO,0.41,1.7,-1.3,79.52,29.0,-0.56,-11.15
DBP,-1.1,0.14,-0.15,2.39,14.23,-0.18,-24.05
DDM,1.23,2.0,1.84,92.77,23.18,0.92,10.24
DEF,1.37,0.78,0.83,71.81,10.25,0.89,11.66
DEM,0.16,1.14,0.31,70.48,16.37,0.18,1.44
DES,-2.53,1.05,0.73,62.28,14.83,0.54,6.85
DEW,0.99,0.83,0.31,84.78,10.82,0.28,2.98
DFE,-0.04,1.0,0.26,71.71,14.24,0.17,1.4
DFJ,6.11,0.78,0.73,63.39,11.69,0.68,9.8
DGL,-0.26,0.12,-0.06,2.05,13.19,-0.11,-18.7
DGRE,0.99,0.98,0.34,68.8,14.24,0.24,2.46
DGRS,-3.39,1.05,0.68,60.22,15.23,0.49,6.26
DGRW,0.56,1.0,0.95,96.13,11.45,0.93,10.5
DGS,1.62,1.01,0.4,68.49,14.71,0.28,3.02
DHS,0.32,0.8,0.76,78.59,10.08,0.83,10.24
DIA,1.6,0.98,1.02,93.0,11.4,1.0,11.66
DIG,-30.51,2.28,-0.58,40.15,40.2,-0.19,-6.46
DIM,1.15,0.96,0.35,93.81,11.91,0.29,2.95
DIV,-2.14,0.6,0.39,56.38,9.01,0.44,5.98
DLN,0.22,0.91,0.84,94.79,10.4,0.9,10.16
DLS,1.23,0.96,0.36,86.35,12.41,0.29,2.97
DNL,1.21,0.95,0.36,91.03,12.01,0.29,3.0
DOG,-3.32,-0.95,-1.01,93.05,11.0,-1.17,13.42
DOL,-1.11,0.94,0.16,94.19,11.69,0.1,0.53
DON,-0.17,0.94,0.84,81.28,11.67,0.8,9.58
DOO,-2.02,0.9,0.08,89.24,11.43,0.01,-0.55
DPK,12.48,-2.42,-0.92,66.09,33.28,-0.35,6.6
DRN,0.9,2.16,1.94,28.56,45.2,0.5,6.35
DRV,-9.18,-1.91,-2.3,26.81,41.28,-0.69,16.49
DRW,1.48,1.0,0.68,65.5,13.64,0.54,6.76
DSI,-0.93,1.01,0.83,98.07,11.42,0.81,8.89
DTD,0.1,0.91,0.83,94.57,10.47,0.88,10.01
DTH,-1.61,0.95,0.12,93.79,11.8,0.06,0.01
DTN,-1.71,0.9,0.67,86.67,10.74,0.68,7.78
DUG,23.76,-2.19,0.21,38.1,39.74,0.04,2.64
DUST,-19.08,0.39,-1.2,0.15,111.54,-0.14,-144.36
DVY,1.99,0.71,0.84,70.68,9.47,0.98,13.14
DVYA,-1.03,1.04,0.19,70.65,14.85,0.1,0.39
DVYE,0.4,1.09,0.32,62.5,16.52,0.18,1.58
DWAS,-6.93,1.28,0.56,58.04,18.87,0.32,3.35
DWM,-0.5,0.95,0.21,96.25,11.59,0.16,1.21
DWX,-2.13,1.0,0.09,82.28,13.31,0.02,-0.56
DXD,-6.56,-1.86,-2.04,93.0,21.54,-1.17,13.16
DXJ,4.64,0.92,0.64,40.37,17.32,0.4,6.03
DXJS,8.78,0.75,0.95,37.8,14.57,0.72,13.4
DZK,-24.15,2.52,0.16,65.79,34.7,0.03,-1.93
EBND,-2.28,1.27,0.04,14.09,9.4,-0.03,-0.56
ECH,0.9,1.02,0.35,40.77,19.23,0.18,1.57
ECON,-3.97,1.07,-0.05,70.94,15.3,-0.09,-2.34
EDC,-21.4,2.82,0.64,42.86,48.1,0.14,-1.5
EDEN,3.69,0.78,0.53,52.12,12.88,0.43,6.3
EDIV,-0.74,1.1,0.22,59.76,17.16,0.11,0.45
EDV,-1.04,4.92,0.62,80.84,15.17,0.44,1.17
EDZ,2.46,-2.46,-1.79,39.24,43.97,-0.51,11.34
EEB,2.36,1.36,0.53,73.92,19.02,0.3,2.93
EELV,-0.48,0.89,0.2,71.91,12.61,0.13,1.01
EEMA,3.3,1.06,0.55,74.48,14.82,0.4,4.64
EEMS,-0.58,0.98,0.21,70.52,14.09,0.13,0.84
EEMV,1.6,0.82,0.36,71.91,11.55,0.31,3.65
EES,-3.09,1.17,0.78,61.57,16.67,0.52,6.49
EET,-12.9,1.85,0.53,42.5,31.68,0.18,0.42
EEV,2.23,-1.68,-1.16,39.92,29.83,-0.49,10.49
EFA,-0.43,0.96,0.22,95.74,11.8,0.16,1.28
EFAV,3.6,0.68,0.5,77.93,9.17,0.57,7.35
EFG,0.78,0.93,0.32,90.56,11.72,0.26,2.58
EFNL,2.58,0.85,0.45,61.41,12.98,0.36,4.61
EFV,-1.93,0.99,0.1,91.26,12.46,0.04,-0.3
EFZ,4.3,-0.82,-0.27,66.41,11.27,-0.35,5.48
EGPT,-12.19,0.9,-0.77,18.18,25.32,-0.4,-14.24
EIDO,0.82,0.74,0.28,22.57,18.75,0.14,1.21
EIRL,0.5,0.77,0.26,41.59,14.33,0.16,1.78
EIS,1.81,0.76,0.37,38.71,14.58,0.25,3.49
ELD,-2.58,1.19,0.52,10.88,10.03,-0.07,-1.01
EMB,2.06,1.23,0.4,33.36,5.88,0.68,3.18
EMCB,1.35,0.66,0.26,10.77,5.56,0.43,3.45
EMHY,3.28,0.74,0.43,8.22,7.16,0.62,5.8
EMIF,-1.49,1.01,0.14,63.4,15.17,0.06,-0.17
EMLC,-2.79,1.32,0.51,12.02,10.59,-0.07,-0.96
EMLP,-0.52,0.75,0.39,42.73,12.77,0.31,4.29
ENZL,6.86,0.94,0.82,46.56,16.55,0.55,8.68
EPHE,-0.69,0.63,0.13,26.24,14.76,0.06,-0.37
EPI,6.94,0.82,0.81,27.12,19.0,0.47,9.07
EPOL,-4.81,1.12,-0.11,43.66,20.42,-0.1,-3.64
EPP,1.47,1.02,0.39,73.28,14.34,0.28,2.92
EPS,-0.56,1.0,0.86,97.52,11.34,0.84,9.28
EPU,3.15,1.12,0.55,41.98,20.83,0.28,3.47
EPV,8.27,-1.64,-0.62,57.69,24.12,-0.34,6.44
EQL,-0.98,0.93,0.76,96.54,10.55,0.79,8.75
ERUS,1.53,1.26,0.44,34.69,25.61,0.18,1.12
ERX,-43.86,3.39,-0.76,40.65,59.43,-0.17,-7.22
ERY,30.74,-3.19,-0.04,37.4,58.27,-0.02,5.15
EUFN,-8.55,1.14,-0.08,55.04,17.06,-0.1,-2.78
EUM,1.56,-0.87,-0.53,40.83,15.19,-0.47,9.27
EUO,4.4,19.81,0.74,0.77,15.32,0.53,0.37
EURL,-27.69,2.53,-0.13,55.17,38.16,-0.06,-3.62
EUSA,-1.65,1.05,0.81,95.25,12.08,0.74,8.15
EWA,-0.24,1.01,0.25,61.99,15.4,0.14,1.03
EWC,-0.83,0.97,0.19,61.2,14.89,0.1,0.44
EWD,-2.26,0.92,0.06,75.17,12.8,0.5,-0.9
EWG,-3.32,1.13,0.01,78.77,15.25,-0.04,-1.53
EWGS,4.09,1.1,0.63,66.55,16.16,0.42,5.14
EWH,5.38,1.04,0.78,61.68,16.21,0.53,7.26
EWI,-3.08,1.2,0.05,57.97,18.88,-0.01,-1.62
EWJ,2.62,0.87,0.46,72.48,12.25,0.38,4.7
EWK,0.88,0.94,0.33,72.66,13.25,0.24,2.48
EWL,0.48,0.85,0.27,74.52,11.78,0.22,2.21
EWM,-5.12,0.81,-0.2,42.2,14.98,-0.21,-5.24
EWMC,-4.17,1.14,0.67,81.82,14.07,0.52,5.71
EWN,2.67,1.0,0.49,76.54,13.76,0.37,4.26
EWO,-0.17,1.32,0.32,76.3,18.12,0.17,1.08
EWP,-4.74,1.2,-0.09,68.59,17.38,-0.11,-2.76
EWQ,0.28,1.02,0.29,76.36,13.96,0.2,1.78
EWS,0.14,1.01,0.28,59.95,15.65,0.16,1.38
EWSC,-6.6,1.24,0.55,61.96,17.56,0.33,3.56
EWT,4.66,0.82,0.62,51.6,13.68,0.48,7.2
EWU,-2.9,0.94,0.01,78.21,12.76,-0.05,-1.53
EWUS,-1.58,0.98,0.13,54.2,15.96,0.05,-0.5
EWW,-5.92,1.03,-0.22,38.74,19.92,-0.17,-5.16
EWX,-0.3,0.99,0.24,71.18,14.1,0.15,1.14
EWY,0.31,1.15,0.32,62.31,17.5,0.18,1.4
EWZ,19.32,1.29,2.75,17.6,35.21,0.9,22.98
EWZS,2.68,1.49,0.59,26.2,34.91,0.18,0.27
EXI,0.03,1.08,0.6,90.04,12.55,0.51,5.43
EZA,-1.46,1.23,0.19,44.85,22.0,0.07,-0.7
EZM,-3.5,1.13,0.72,80.56,14.11,0.56,6.32
EZU,-1.62,1.07,0.15,82.46,14.18,0.07,-0.01
FAB,-5.09,1.09,0.55,75.07,14.02,0.41,4.59
FAD,-1.68,1.1,0.84,80.54,13.68,0.68,8.02
FAN,-1.64,1.11,0.48,60.55,15.77,0.31,3.46
FAS,-3.68,3.19,2.42,81.64,39.44,0.72,7.13
FAZ,-7.39,-2.96,-3.03,81.29,36.71,-1.01,12.21
FBT,5.4,1.51,1.26,43.04,25.51,0.56,7.76
FCG,-38.31,1.8,-2.24,30.49,36.06,-0.77,-16.44
FCOM,4.1,0.72,0.76,38.28,12.85,0.65,10.99
FDD,-0.24,0.81,0.21,76.66,11.06,0.15,1.39
FDIS,4.34,1.04,0.94,76.42,13.2,0.8,9.79
FDL,2.04,0.7,0.82,64.93,9.73,0.93,12.86
FDM,-0.35,0.98,0.86,45.46,16.32,0.58,8.75
FDN,8.71,1.22,1.39,59.55,17.45,0.92,12.8
FDT,-1.67,0.98,0.26,88.53,12.52,0.19,1.65
FEM,1.49,1.22,0.43,68.13,17.75,0.25,2.44
FEMS,0.54,1.14,0.34,60.38,17.6,0.19,1.58
FENY,-10.62,1.23,-0.21,44.08,20.48,-0.16,-4.3
FEP,-0.94,1.03,0.19,80.1,13.83,0.11,0.59
FEU,-2.48,0.95,0.05,82.16,12.65,-0.01,-1.01
FEX,-2.24,1.03,0.74,94.23,11.9,0.68,7.5
FEZ,-2.37,1.07,0.08,77.46,14.65,0.02,-0.78
FFR,1.42,0.7,0.53,44.36,11.72,0.48,7.22
FGD,-0.38,0.84,0.2,86.68,10.81,0.15,1.3
FGM,-1.32,1.11,0.18,73.59,15.53,0.09,0.16
FHLC,4.97,0.96,0.95,59.62,13.72,0.78,10.7
FIDU,2.39,1.14,0.83,74.28,14.58,0.63,7.46
FINU,-5.14,3.33,2.42,66.92,45.56,0.62,5.99
FIW,2.98,1.04,0.83,57.36,15.2,0.6,8.07
FJP,1.16,0.83,0.33,62.06,12.65,0.25,2.91
FLOT,0.53,-0.02,0.1,2.18,0.49,1.1,-20.89
FLRN,0.6,-0.02,0.11,1.91,0.48,1.29,-26.04
FLTR,0.86,-0.06,0.13,2.81,0.92,0.85,-14.13
FM,-1.01,0.69,0.12,40.57,13.06,0.05,-0.26
FMAT,-1.85,1.22,0.51,74.22,15.6,0.34,3.54
FNCL,4.53,0.99,0.93,55.78,14.58,0.71,9.97
FNDA,-3.89,1.13,0.68,75.08,14.58,0.51,5.88
FNDB,-1.53,0.98,0.76,94.52,11.3,0.74,8.17
FNDC,1.91,0.94,0.41,90.51,11.78,0.35,3.82
FNDE,2.18,1.25,0.5,67.85,18.21,0.29,2.95
FNDF,-0.56,0.99,0.22,94.79,12.26,0.15,1.13
FNDX,-1.32,0.97,0.77,95.03,11.13,0.76,8.4
FNI,2.44,1.2,0.51,63.86,18.08,0.3,3.2
FNK,-6.35,1.14,0.49,69.74,15.22,0.33,3.54
FNX,-4.51,1.14,0.64,79.03,14.38,0.48,5.38
FNY,-2.42,1.15,0.82,75.31,14.81,0.62,7.29
FPA,2.28,0.98,0.45,68.84,14.19,0.33,3.83
FPE,4.53,0.54,0.51,13.89,4.0,1.33,10.08
FPX,-1.78,1.12,0.85,82.49,13.81,0.69,7.97
FRAK,-21.49,1.55,-0.96,33.92,29.46,-0.42,-9.97
FRI,4.14,0.62,0.71,21.79,14.64,0.53,11.38
FRN,-1.6,0.89,0.11,55.42,14.44,0.04,-0.53
FSTA,4.08,0.56,0.68,32.91,10.86,0.68,12.62
FSZ,1.27,0.88,0.35,77.02,12.05,0.28,3.11
FTA,-3.31,1.02,0.64,80.37,12.73,0.54,6.23
FTC,-1.03,1.04,0.85,84.43,12.65,0.74,8.68
FTCS,1.4,0.91,0.94,91.86,10.58,0.99,11.57
FTEC,9.44,1.1,1.4,68.64,14.73,1.09,14.62
FTGC,-5.85,0.58,-0.9,78.82,9.91,-1.17,-19.86
FTSL,2.2,0.04,0.25,0.12,2.81,0.8,64.06
FUTY,9.15,0.23,0.94,4.25,12.57,0.84,43.92
FV,-2.9,1.15,1.18,82.74,14.23,0.9,11.02
FVD,2.63,0.73,0.89,76.26,9.34,1.06,13.73
FVL,-8.05,1.06,0.28,73.09,13.88,0.19,1.58
FXA,-5.57,9.87,-0.25,0.49,9.57,-0.39,-0.42
FXB,-4.14,-6.25,-0.38,0.25,8.51,-0.63,0.89
FXC,-8.36,23.85,-0.26,3.49,8.68,-0.45,-0.18
FXD,0.37,0.93,0.56,61.84,13.08,0.45,5.61
FXE,-3.7,-6.94,-0.35,0.38,7.68,-0.66,0.75
FXF,-5.33,7.5,-0.26,0.4,8.02,-0.49,-0.56
FXG,1.85,0.64,0.54,37.12,11.6,0.49,8.04
FXH,1.6,1.04,0.71,55.26,15.49,0.5,6.56
FXI,4.03,1.24,0.71,55.98,20.21,0.39,4.87
FXL,8.04,1.21,1.33,64.24,16.73,0.91,12.31
FXN,-18.61,1.54,-0.73,37.79,27.64,-0.34,-8.17
FXO,3.33,0.97,0.82,67.4,13.04,0.7,8.92
FXP,-1.93,-2.14,-1.89,39.33,38.22,-0.61,12.56
FXR,0.32,1.26,0.71,69.73,16.64,0.47,5.3
FXU,6.5,0.35,0.78,11.65,11.29,0.76,23.83
FXY,-2.34,-0.94,-0.15,0.07,9.39,-0.27,3.13
FXZ,-2.73,1.28,0.47,72.04,16.71,0.29,2.82
FYC,-2.05,1.18,0.88,61.49,16.78,0.58,7.43
FYLD,-0.35,0.94,0.22,89.25,11.92,0.16,1.32
FYT,-7.48,1.18,0.43,56.98,17.46,0.25,2.47
FYX,-5.04,1.17,0.63,63.4,16.5,0.41,4.74
GAL,-1.18,1.13,0.39,93.04,7.79,0.51,3.32
GASL,-134.42,4.47,-7.4,24.71,100.49,-0.89,-17.85
GBF,-0.35,1.12,0.18,98.71,3.12,0.45,1.23
GCC,-3.74,0.52,-0.68,70.96,9.47,-0.94,-17.22
GDX,1.58,0.35,0.37,1.05,37.78,0.1,-8.88
GDXJ,11.31,0.32,1.35,0.82,38.08,0.39,27.73
GEX,-5.27,1.22,0.23,62.68,17.06,0.12,0.46
GHYG,1.46,0.32,0.23,2.52,5.69,0.35,5.68
GII,0.29,0.72,0.45,57.22,10.58,0.43,5.74
GLD,0.63,0.12,0.02,2.0,12.49,-0.04,-10.97
GLL,-3.26,0.24,-0.05,2.24,25.03,-0.05,-18.5
GLTR,0.58,0.21,-0.06,5.03,13.98,-0.1,-11.67
GMF,4.76,1.04,0.67,71.9,14.72,0.49,6.19
GNMA,0.04,0.65,0.15,77.85,2.03,0.52,1.61
GNR,-5.24,1.2,0.22,60.16,17.05,0.11,0.37
GOEX,8.15,0.5,0.99,1.46,46.15,0.24,3.62
GOVT,-0.83,1.1,0.14,91.26,3.18,0.28,0.78
GREK,-19.75,1.64,-1.25,37.41,32.31,-0.49,-11.74
GRES,-4.83,0.68,0.68,39.3,12.05,-0.06,-2.18
GRI,1.52,0.72,0.55,44.03,12.04,0.48,7.3
GSG,-1.65,1.22,-1.07,93.36,19.15,-0.71,-11.95
GSY,0.83,0.02,0.14,2.31,0.33,2.93,54.04
GUNR,-4.33,1.07,0.23,54.6,16.04,0.13,0.73
GURU,-5.6,1.09,0.51,82.51,13.42,0.4,4.18
GVAL,2.6,1.16,1.25,80.48,14.68,0.93,11.79
GVI,-0.28,0.72,0.13,94.69,2.04,0.41,1.16
GWX,1.03,0.96,0.34,84.3,12.51,0.27,2.74
GXC,5.58,1.34,0.8,62.56,20.37,0.43,5.26
GXF,-2.44,0.82,0.03,73.9,11.51,-0.04,-1.34
GXG,-8.94,1.37,-0.41,38.78,26.42,-0.21,-6.41
GYLD,-8.78,1.56,-0.08,66.92,12.67,-0.13,-1.59
HAO,2.12,1.25,0.49,45.51,22.24,0.23,2.24
HAP,-4.42,1.04,0.21,64.02,14.34,0.12,0.72
HDG,-1.59,0.59,0.16,89.88,4.15,0.27,1.75
HDGE,0.04,-1.17,-0.91,76.7,14.97,-0.78,10.39
HDV,1.56,0.73,0.8,68.7,9.81,0.9,12.07
HEDJ,4.97,0.8,0.64,46.86,14.0,0.49,7.7
HYD,1.49,1.22,0.46,79.96,4.02,1.17,3.94
HYEM,3.56,0.25,0.39,1.12,6.47,0.61,15.49
HYG,2.18,0.36,0.29,3.59,5.34,0.52,7.33
HYHG,2.24,-0.63,0.17,6.39,6.98,0.18,-1.6
HYLD,-0.34,-0.29,-0.01,1.12,7.54,-0.11,3.92
HYLS,2.67,0.25,0.32,2.47,4.37,0.7,12.26
HYMB,1.32,1.08,0.41,73.0,3.72,1.12,3.94
HYS,2.74,0.14,0.31,0.81,4.39,0.68,20.59
HYXU,-1.19,0.2,-0.01,0.37,9.02,-0.1,-6.52
IAI,6.1,0.95,1.04,36.66,17.3,0.68,11.45
IAK,3.58,0.93,0.82,58.72,13.42,0.68,9.24
IAT,3.37,1.1,0.89,39.84,19.2,0.52,7.7
IAU,0.78,0.12,0.03,2.0,12.49,-0.03,-9.69
IBB,-1.38,1.43,0.66,45.6,23.44,0.3,3.11
IBCD,0.55,0.53,0.18,61.58,1.86,0.73,2.6
IBDD,0.94,1.06,0.28,78.76,3.31,0.78,2.45
IBND,-3.13,0.59,-0.12,4.89,7.38,-0.3,-4.2
ICF,5.74,0.56,0.82,18.05,14.63,0.62,14.96
ICLN,-4.6,1.1,0.77,44.88,17.57,0.46,6.2
IDHQ,2.25,0.85,0.42,88.27,10.84,0.4,4.5
IDLV,1.89,0.78,0.38,89.78,9.94,0.38,4.3
IDOG,-1.0,0.93,0.17,89.42,11.84,0.11,0.62
IDU,8.94,0.22,0.92,3.8,12.68,0.81,44.62
IDV,-1.33,0.98,0.15,91.11,12.31,0.08,0.3
IDX,0.37,0.74,0.24,23.47,18.43,0.12,0.68
IEF,-0.9,1.63,0.2,89.73,4.76,0.35,0.96
IEFA,0.1,0.96,0.27,95.68,11.8,0.21,1.84
IEI,-0.67,0.91,0.13,84.52,2.74,0.28,0.8
IEMG,1.52,1.11,0.41,78.84,15.03,0.28,2.86
IEO,-12.33,1.47,-0.24,40.25,25.56,-0.14,-4.54
IEUS,1.68,1.02,0.41,76.07,14.1,0.3,3.17
IEV,-1.91,0.98,0.1,87.94,12.6,0.04,-0.32
IEZ,-23.56,1.69,-1.06,36.08,31.12,-0.43,-10.03
IFEU,-1.84,0.93,0.37,49.5,14.62,0.25,2.91
IFGL,-1.08,0.85,0.4,65.54,11.65,0.34,3.99
IGE,-10.94,1.26,-0.23,47.64,20.14,-0.17,-4.27
IGF,0.16,0.73,0.44,57.43,10.62,0.42,5.54
IGHG,1.62,-0.39,0.15,5.22,4.69,0.22,-2.39
IGIB,0.41,0.8,0.2,80.06,2.48,0.67,2.07
IGLB,0.24,2.2,0.37,74.44,7.04,0.52,1.61
IGM,9.63,1.16,1.44,73.25,15.06,1.1,14.35
IGN,5.1,0.97,0.97,48.48,15.49,0.7,10.51
IGOV,-2.92,1.11,-0.04,20.54,6.82,-0.17,-1.26
IGSB,0.22,0.26,0.12,61.86,0.94,0.68,2.42
IGV,11.39,1.17,1.59,66.51,15.94,1.15,15.91
IHE,-0.86,1.0,0.49,46.1,16.28,0.31,3.85
IHF,8.44,0.83,1.18,35.64,15.4,0.87,15.64
IHI,11.79,0.99,1.54,58.02,14.39,1.23,18.3
IHY,1.62,0.22,0.23,0.94,6.33,0.31,8.17
IJH,-2.59,1.08,0.75,81.51,13.34,0.62,7.1
IJJ,-3.21,1.11,0.72,76.28,14.16,0.56,6.49
IJK,-2.41,1.05,0.74,80.5,13.08,0.62,7.21
IJR,-2.07,1.14,0.85,66.02,15.73,0.6,7.49
IJS,-3.32,1.16,0.76,64.26,16.22,0.52,6.32
IJT,-1.14,1.13,0.91,64.88,15.66,0.65,8.34
ILF,1.63,1.32,0.47,39.01,25.49,0.19,1.29
ILTB,0.17,2.46,0.4,89.16,7.21,0.56,1.57
INDA,5.6,0.74,0.68,26.94,17.12,0.43,8.34
INDL,-1.4,1.94,1.57,16.66,53.15,0.34,2.31
INDY,7.28,0.78,0.83,28.14,17.53,0.52,10.31
INKM,-0.45,0.89,0.37,80.42,6.62,0.55,3.9
INXX,3.28,0.94,0.53,21.69,24.14,0.23,3.04
IOO,4.31,0.83,0.59,81.15,11.04,0.57,7.14
IPE,-0.99,1.09,0.12,66.21,3.71,0.2,0.61
IPFF,-2.24,-0.66,-0.21,1.67,14.28,-0.23,6.36
IPKW,4.06,1.03,0.61,85.42,13.32,0.49,5.71
IPO,-6.91,1.36,0.62,65.38,18.8,0.36,3.76
IQDF,-1.46,1.03,0.15,95.33,12.64,0.08,0.24
ISHG,-4.43,0.43,-0.25,3.28,6.59,-0.57,-9.16
ISRA,-0.3,0.77,0.19,48.24,13.3,0.12,0.89
ISTB,0.19,0.42,0.13,81.24,1.28,0.66,2.03
ITA,8.11,1.07,1.27,60.81,15.14,0.96,13.38
ITB,0.25,1.16,0.66,41.17,19.97,0.36,4.61
ITE,-0.58,0.76,0.11,84.46,2.29,0.27,0.78
ITM,-0.82,1.3,0.28,97.83,3.89,0.68,2.02
ITOT,-0.44,1.02,0.88,99.27,11.48,0.86,9.43
IUSG,0.69,1.05,1.0,94.5,12.04,0.93,10.58
IUSV,-2.11,0.98,0.71,91.2,11.48,0.67,7.52
IVE,-1.9,0.96,0.71,91.03,11.28,0.69,7.71
IVOG,-2.38,1.05,0.74,80.53,13.08,0.62,7.24
IVOO,-2.64,1.08,0.74,81.6,13.33,0.61,7.04
IVOV,-3.16,1.11,0.73,76.27,14.16,0.56,6.54
IVV,-0.05,1.0,0.9,100.0,11.18,0.89,9.85
IVW,1.34,1.03,1.04,93.52,11.9,0.98,11.3
IWB,-0.46,1.01,0.87,99.72,11.3,0.86,9.41
IWC,-5.47,1.14,0.56,55.32,17.2,0.35,4.08
IWD,-2.09,0.95,0.69,92.39,11.09,0.67,7.49
IWF,1.09,1.06,1.04,93.8,12.28,0.96,10.98
IWL,0.36,0.99,0.92,99.41,11.13,0.93,10.3
IWM,-4.29,1.19,0.7,68.61,16.11,0.48,5.56
IWN,-4.4,1.1,0.62,61.44,15.73,0.42,5.1
IWO,-4.18,1.28,0.79,70.28,17.08,0.51,5.86
IWP,-1.56,1.12,0.87,88.16,13.31,0.72,8.24
IWR,-2.43,1.05,0.74,90.5,12.32,0.66,7.29
IWS,-2.99,0.99,0.64,84.96,12.02,0.58,6.53
IWV,-0.82,1.02,0.85,98.97,11.49,0.82,9.02
IWX,-1.64,0.93,0.71,90.33,10.98,0.7,7.95
IWY,2.16,1.05,1.12,91.73,12.21,1.04,12.12
IXC,-7.89,1.15,-0.02,47.6,18.48,-0.06,-2.34
IXG,-1.25,1.1,0.5,76.44,13.88,0.38,4.05
IXJ,2.14,0.86,0.67,63.84,11.96,0.61,7.88
IXN,8.15,1.09,1.28,72.89,14.12,1.04,13.44
IXP,-3.35,0.8,0.18,56.61,11.75,0.12,0.92
IXUS,0.25,1.0,0.29,99.81,11.99,0.22,1.99
IYC,4.9,0.98,0.96,71.68,12.82,0.84,10.67
IYE,-10.28,1.21,-0.2,44.46,20.01,-0.16,-4.15
IYF,4.1,0.96,0.88,65.98,13.0,0.75,9.83
IYG,4.29,1.11,0.97,52.43,17.0,0.64,8.96
IYH,4.77,0.93,0.92,59.51,13.37,0.77,10.64
IYJ,3.19,1.12,0.89,78.85,14.02,0.7,8.32
IYK,1.99,0.72,0.58,56.97,10.45,0.6,8.26
IYLD,0.24,0.76,0.37,69.23,6.07,0.61,4.73
IYM,-2.9,1.21,0.42,70.97,15.84,0.27,2.58
IYR,4.19,0.67,0.74,30.0,13.46,0.61,11.37
IYT,2.37,1.1,0.81,52.45,16.81,0.53,7.11
IYW,8.88,1.12,1.36,66.98,15.07,1.03,13.91
IYY,-0.67,1.01,0.86,99.54,11.36,0.84,9.18
IYZ,-1.38,0.76,0.33,37.49,13.78,0.23,2.98
JDST,-71.9,0.49,-5.33,0.32,96.63,-0.68,-149.56
JKD,-0.27,0.97,0.85,94.08,11.14,0.85,9.56
JKE,1.27,1.08,1.08,87.95,12.94,0.94,11.09
JKF,-0.8,0.89,0.74,87.23,10.67,0.76,8.87
JKG,-2.65,1.08,0.75,90.6,12.67,0.64,7.13
JKH,-1.9,1.13,0.85,82.63,13.89,0.68,7.86
JKI,-1.5,0.96,0.74,80.27,11.92,0.68,8.06
JKJ,-4.12,1.11,0.65,71.78,14.66,0.48,5.56
JKK,-3.42,1.26,0.83,71.42,16.66,0.55,6.49
JKL,-5.85,1.17,0.55,69.17,15.71,0.37,4.12
JNK,1.71,0.35,0.25,2.76,5.87,0.39,6.06
JNUG,47.14,-1.01,2.87,0.78,129.39,0.26,26.31
JPNL,-16.25,2.46,0.77,56.17,36.72,0.23,0.7
JPXN,2.68,0.86,0.46,71.97,12.16,0.39,4.81
JXI,3.63,0.41,0.57,17.36,10.93,0.56,13.79
KBE,2.31,1.18,0.84,40.26,20.61,0.45,6.39
KBWB,3.48,1.17,0.94,42.86,19.81,0.53,7.6
KBWD,0.6,0.86,0.54,47.78,13.76,0.42,5.72
KBWP,9.04,0.64,1.13,39.12,11.28,1.14,20.38
KBWR,3.52,1.04,0.87,30.82,20.74,0.47,7.63
KBWY,1.2,0.93,0.62,29.23,19.01,0.35,5.53
KCE,-1.79,1.26,0.54,54.17,18.88,0.3,3.18
KIE,5.73,0.82,0.95,54.87,12.3,0.86,12.65
KNOW,-1.3,1.05,0.83,83.57,12.83,0.72,8.39
KOL,-6.72,1.26,0.13,26.77,27.0,0.03,-2.17
KOLD,23.89,1.86,3.29,12.16,83.86,0.46,3.88
KRE,3.46,1.14,0.92,35.06,21.35,0.48,7.34
KWEB,4.19,1.66,0.75,53.13,27.43,0.3,2.81
KXI,1.28,0.65,0.49,49.2,10.22,0.5,7.33
LBJ,-16.19,2.64,0.92,14.02,78.88,0.13,-6.7
LEMB,-2.29,1.09,0.02,9.1,10.05,-0.06,-0.98
LIT,-3.19,1.29,0.44,52.86,19.65,0.23,2.05
LQD,0.26,1.45,0.27,75.92,4.59,0.55,1.71
LTPZ,-1.57,2.68,0.28,64.41,9.25,0.28,0.84
LVL,-0.94,1.02,0.19,76.76,13.95,0.11,0.56
MBB,0.19,0.73,0.18,86.4,2.17,0.61,1.82
MBG,0.16,0.72,0.17,85.79,2.15,0.6,1.79
MCHI,5.76,1.34,0.81,61.72,20.47,0.44,5.39
MDIV,-2.33,1.16,0.31,76.16,8.81,0.33,2.24
MDY,-2.78,1.08,0.73,81.58,13.31,0.6,6.9
MDYG,-2.31,1.05,0.75,80.47,13.07,0.63,7.31
MDYV,-3.12,1.1,0.73,76.22,14.14,0.56,6.58
MGC,0.25,0.99,0.92,99.8,11.12,0.92,10.18
MGK,0.37,1.08,1.0,91.99,12.58,0.89,10.2
MGV,0.2,0.92,0.85,92.05,10.71,0.88,10.11
MIDU,-10.41,3.24,1.91,81.55,40.19,0.55,4.64
MIDZ,3.83,-3.15,-2.25,79.56,39.55,-0.7,9.6
MINC,0.79,0.24,0.16,41.33,0.99,1.16,5.07
MINT,0.65,0.01,0.12,0.74,0.37,1.92,62.34
MLN,-0.28,1.52,0.38,94.37,4.63,0.82,2.48
MLPA,-11.68,1.3,-0.26,55.9,19.3,-0.2,-4.34
MLPX,-7.77,1.34,0.08,51.54,20.69,0.01,-1.41
MNA,2.9,-0.09,0.29,0.58,3.44,0.8,-29.13
MOAT,0.42,1.07,1.0,82.41,13.24,0.85,10.17
MOO,0.1,0.89,0.51,72.8,11.5,0.47,5.48
MORT,4.1,0.57,0.69,28.47,11.81,0.63,12.4
MTUM,3.18,0.93,1.11,77.97,11.8,1.06,13.52
MUB,-0.38,0.97,0.25,99.07,2.88,0.76,2.28
MUNI,-0.5,0.85,0.21,96.07,2.58,0.69,2.08
MVV,-6.72,2.16,1.31,81.65,26.73,0.56,5.59
MXI,-4.31,1.2,0.3,69.14,16.03,0.18,1.35
NEAR,0.51,0.03,0.11,10.27,0.3,2.11,18.45
NFO,-2.74,1.01,0.68,83.48,12.4,0.6,6.83
NFRA,0.5,0.77,0.49,72.97,9.99,0.51,6.13
NGE,-17.93,0.44,-1.34,3.38,29.03,-0.58,-43.62
NOBL,1.46,0.86,0.91,84.53,10.52,0.96,11.68
NORW,-3.3,1.09,0.01,56.13,17.45,-0.04,-1.98
NUGT,28.02,-0.9,1.4,0.99,102.53,0.15,28.73
NYF,-0.27,0.94,0.25,98.56,2.78,0.8,2.39
OEF,-0.04,1.0,0.9,98.25,11.28,0.89,9.85
OIH,-26.98,1.89,-0.34,37.77,32.93,-0.16,-5.4
ONEQ,0.83,1.16,1.1,87.94,13.78,0.9,10.56
PALL,22.53,0.49,1.54,6.34,29.89,0.59,28.74
PBD,-7.46,1.25,0.06,71.58,16.34,0.58,-1.08
PBE,-1.92,1.47,0.63,43.12,24.77,0.28,2.57
PBJ,1.64,0.59,0.49,33.4,11.24,0.46,7.9
PBP,-1.22,0.55,0.42,73.3,7.13,0.6,7.53
PBS,-0.9,1.02,0.49,57.78,14.84,0.35,4.12
PBW,-9.52,1.31,-0.08,44.08,21.85,-0.08,-3.07
PCEF,-0.04,1.12,0.49,81.53,8.25,0.61,4.34
PCY,2.04,1.67,0.47,47.07,6.73,0.73,2.9
PDN,1.11,0.94,0.35,91.61,11.74,0.29,2.94
PDP,-2.6,1.03,0.71,83.25,12.67,0.61,7.02
PEJ,-0.44,0.87,0.46,51.55,13.36,0.35,4.52
PEK,9.5,1.14,1.09,25.45,27.16,0.45,7.93
PEY,3.2,0.83,1.02,70.23,11.0,1.04,13.96
PEZ,0.01,1.02,0.57,54.02,15.3,0.4,4.95
PFF,2.66,0.8,0.39,22.41,4.62,0.84,4.91
PFI,-0.82,0.9,0.44,53.58,13.61,0.33,4.12
PFIG,0.22,0.85,0.2,84.08,2.56,0.66,1.98
PFM,0.07,0.83,0.76,86.12,9.95,0.84,9.94
PFXF,2.89,1.07,0.44,22.78,6.2,0.74,4.22
PGAL,-7.72,1.2,-0.34,58.73,18.89,-0.26,-5.32
PGF,4.16,0.9,0.53,32.1,4.38,1.26,6.28
PGHY,3.0,0.04,0.32,0.19,2.65,1.15,73.37
PGJ,3.66,1.49,0.67,54.95,24.1,0.3,3.06
PGX,4.08,0.97,0.53,29.56,4.93,1.13,5.83
PHB,2.06,0.45,0.3,7.64,4.55,0.62,6.17
PHO,-1.37,1.12,0.5,70.39,14.75,0.36,3.87
PICB,-1.98,0.68,-0.01,6.62,7.31,-0.11,-1.59
PICK,-6.94,1.48,0.28,38.77,26.66,0.1,-0.59
PID,-1.49,1.01,0.14,81.03,13.48,0.07,0.06
PIE,-1.61,0.86,0.1,63.6,13.01,0.04,-0.42
PIN,6.28,0.75,0.74,27.54,17.24,0.47,9.17
PIO,-3.03,1.08,0.34,82.97,13.07,0.26,2.39
PIZ,-2.18,0.87,0.06,71.02,12.44,0.48,-0.96
PJP,-0.53,1.05,0.54,43.09,17.76,0.32,4.05
PKB,-2.22,1.17,0.46,50.3,18.19,0.26,2.71
PKW,-3.27,1.08,0.69,89.17,12.8,0.59,6.5
PLW,-0.93,2.12,0.29,88.83,6.22,0.44,1.22
PNQI,5.05,1.27,1.12,61.32,17.98,0.7,9.2
PPA,7.17,1.07,1.19,63.61,14.79,0.91,12.45
PPH,-2.89,0.92,0.28,50.59,14.37,0.18,1.72
PPLT,-6.58,0.32,-0.75,6.72,19.06,-0.51,-34.04
PRF,-1.82,0.98,0.74,93.73,11.36,0.71,7.86
PRFZ,-3.72,1.11,0.68,68.29,15.03,0.49,5.9
PSCC,7.5,0.65,1.01,23.88,14.8,0.77,16.64
PSCD,1.31,0.89,0.61,37.11,16.15,0.41,6.18
PSCE,-35.16,2.02,-1.86,33.11,38.94,-0.59,-13.28
PSCF,4.94,0.88,0.91,37.19,15.86,0.64,10.7
PSCH,10.59,1.14,1.51,43.44,19.22,0.91,14.69
PSCI,2.13,1.17,0.82,48.49,18.6,0.49,6.59
PSCT,7.03,0.96,1.13,42.24,16.37,0.78,12.63
PSCU,9.2,0.52,1.09,14.58,15.01,0.82,22.86
PSI,14.62,1.2,1.88,39.91,21.06,1.03,17.98
PSJ,10.92,1.15,1.54,59.24,16.55,1.08,15.52
PSK,3.55,1.1,0.5,31.88,5.39,0.97,4.8
PSL,6.92,0.51,0.89,29.93,10.26,0.97,19.49
PSP,2.16,1.06,0.46,79.36,14.24,0.33,3.6
PSQ,-5.18,-1.09,-1.28,80.93,13.61,-1.19,14.54
PSR,5.11,0.64,0.81,26.82,13.74,0.65,13.03
PST,-0.2,-3.24,-0.38,89.87,9.52,-0.56,1.74
PTF,5.23,1.22,1.1,52.57,18.56,0.67,9.38
PTH,3.16,1.41,1.02,40.5,24.45,0.47,6.31
PUI,8.9,0.27,0.94,5.45,12.65,0.83,38.3
PWB,2.51,0.93,1.05,85.71,11.29,1.05,12.77
PWC,-2.05,0.99,0.72,83.62,12.14,0.65,7.53
PWV,-2.64,0.95,0.64,86.5,11.45,0.6,6.83
PWZ,0.6,1.17,0.39,91.43,3.63,1.07,3.39
PXE,-14.51,1.56,-0.37,35.67,28.86,-0.18,-5.8
PXF,-0.92,1.02,0.19,94.52,12.66,0.12,0.76
PXH,3.24,1.27,0.59,62.9,19.29,0.33,3.65
PXI,-15.45,1.42,-0.52,32.56,27.62,-0.25,-7.22
PXJ,-30.18,1.74,-1.59,34.74,32.6,-0.61,-12.99
PXMG,1.08,1.21,1.16,74.2,15.72,0.84,10.56
PXMV,-3.04,0.94,0.6,72.35,12.38,0.52,6.22
PXSG,-2.62,1.21,0.86,66.99,16.57,0.58,7.05
PXSV,-4.03,1.08,0.63,51.93,16.7,0.4,5.19
PYZ,-3.14,1.35,0.47,68.54,18.0,0.27,2.5
PZA,0.81,1.11,0.39,93.37,3.4,1.15,3.61
PZD,-1.09,1.26,0.6,81.24,15.46,0.41,4.28
PZT,0.7,1.08,0.37,86.44,3.45,1.08,3.52
QABA,4.07,0.92,0.86,27.29,19.38,0.49,8.75
QAI,-1.88,0.52,0.1,83.86,3.74,0.12,0.77
QCLN,-5.2,1.2,0.23,52.14,18.48,0.11,0.24
QDF,-0.7,0.95,0.8,92.91,10.98,0.8,9.06
QID,-10.87,-2.12,-2.62,80.66,26.44,-1.22,14.41
QLD,3.26,2.35,2.3,80.91,29.24,0.92,10.79
QLTA,0.23,1.19,0.24,87.42,3.53,0.59,1.74
QQEW,-0.69,1.16,0.97,87.1,13.84,0.79,9.09
QQQ,2.79,1.15,1.26,81.06,14.28,1.0,12.42
QQQE,-0.44,1.16,0.99,87.09,13.84,0.81,9.34
QQXT,-3.5,1.12,0.71,83.09,13.72,0.56,6.31
QTEC,9.78,1.19,1.47,67.59,16.04,1.05,14.17
QUAL,0.46,0.96,0.91,95.54,10.98,0.92,10.42
QYLD,0.02,0.64,0.6,66.29,8.86,0.73,9.79
RAVI,0.34,0.06,0.1,24.87,0.38,1.31,7.37
RCD,0.48,0.97,0.59,65.59,13.3,0.47,5.73
RDIV,2.59,0.85,0.99,59.99,12.32,0.9,12.88
REK,-3.07,-0.68,-0.76,34.19,13.0,-0.76,15.14
REM,4.23,0.54,0.69,28.14,11.36,0.66,13.04
REMX,-18.6,1.73,-0.63,44.58,28.7,-0.29,-6.8
RETL,-8.05,2.89,1.81,52.29,44.68,0.47,4.13
REZ,8.09,0.42,0.94,9.07,15.3,0.69,23.83
RFG,-6.43,1.13,0.47,75.45,14.53,0.34,3.49
RFV,-5.18,1.32,0.74,66.87,18.1,0.45,5.1
RGI,2.64,1.13,0.84,72.15,14.68,0.64,7.68
RHS,5.01,0.57,0.76,31.68,11.21,0.75,14.23
RIGS,2.18,0.36,0.29,13.29,2.76,0.99,7.61
RING,0.57,0.36,0.29,1.07,38.92,0.07,-12.16
RLY,-7.11,1.24,-0.06,58.04,10.84,-0.14,-1.64
ROBO,5.14,1.14,0.72,66.01,16.82,0.47,5.92
ROM,6.11,2.34,2.53,71.62,30.91,0.96,12.07
ROOF,0.25,0.86,0.51,39.13,15.3,0.35,5.05
RPG,-1.7,1.06,0.81,85.88,12.84,0.7,8.02
RPV,-4.16,1.15,0.68,82.79,14.11,0.52,5.76
RSP,-1.63,1.03,0.79,94.96,11.79,0.74,8.13
RSX,-1.1,1.25,0.22,38.15,24.38,0.08,-0.76
RSXJ,-0.6,1.62,0.34,45.31,28.85,0.12,-0.45
RTH,6.92,0.87,1.07,49.48,13.61,0.89,13.69
RTM,0.4,1.17,0.68,69.31,15.52,0.47,5.47
RUSL,-36.7,3.07,-0.43,20.08,76.69,-0.08,-9.83
RUSS,-20.26,-1.93,-3.24,11.67,63.1,-0.63,24.35
RWJ,-6.69,1.33,0.62,65.66,18.39,0.36,3.89
RWK,-4.68,1.18,0.66,78.07,14.98,0.48,5.33
RWL,-1.32,1.0,0.79,94.91,11.53,0.76,8.44
RWM,2.68,-1.19,-0.71,68.83,16.03,-0.58,8.48
RWO,1.46,0.7,0.53,41.28,12.1,0.47,7.22
RWR,4.55,0.62,0.75,21.78,14.65,0.56,12.1
RWX,-2.05,0.82,0.3,62.58,11.45,0.25,2.71
RXI,0.86,1.08,0.67,86.4,12.79,0.57,6.22
RXL,-0.56,1.98,1.67,68.19,26.8,0.72,8.57
RYE,-14.04,1.45,-0.39,41.21,25.04,-0.22,-5.64
RYF,4.25,1.03,0.93,60.19,14.66,0.71,9.52
RYH,4.68,1.03,0.97,64.99,14.16,0.76,10.03
RYJ,-6.37,1.26,0.59,75.81,16.17,0.39,4.06
RYT,9.37,1.14,1.41,73.42,14.73,1.1,14.29
RYU,8.78,0.26,0.92,6.28,11.32,0.91,39.78
RZG,-3.03,1.23,0.84,62.72,17.33,0.54,6.63
RZV,-8.91,1.34,0.44,53.0,20.61,0.22,1.9
SCHA,-4.46,1.19,0.68,74.58,15.36,0.48,5.48
SCHB,-0.68,1.02,0.86,99.05,11.5,0.83,9.16
SCHC,-0.36,0.97,0.23,87.18,12.48,0.16,1.28
SCHD,0.77,0.9,0.88,89.91,10.58,0.92,10.8
SCHE,2.09,1.1,0.46,75.64,15.18,0.31,3.38
SCHF,-0.09,0.97,0.25,97.67,11.77,0.19,1.64
SCHG,0.74,1.07,1.02,94.28,12.3,0.93,10.61
SCHH,4.69,0.62,0.76,21.84,14.68,0.57,12.31
SCHM,-2.18,1.09,0.79,86.3,13.07,0.67,7.57
SCHO,-0.38,0.24,0.06,68.94,0.79,-0.02,-0.07
SCHP,-0.91,1.02,0.12,65.51,3.5,0.2,0.63
SCHR,-0.7,1.06,0.14,86.98,3.13,0.3,0.87
SCHV,-1.05,0.94,0.76,94.71,10.81,0.78,8.68
SCHX,-0.22,1.01,0.89,99.86,11.25,0.88,9.66
SCHZ,-0.09,1.01,0.19,99.94,2.78,0.53,1.46
SCIF,6.16,1.0,0.78,17.5,28.63,0.3,4.68
SCJ,5.75,0.76,0.7,60.98,11.73,0.65,9.4
SCO,-4.66,3.73,2.15,75.46,67.31,0.37,1.24
SCZ,1.89,0.95,0.41,85.76,12.26,0.34,3.72
SDIV,-0.38,0.91,0.22,73.75,12.7,0.14,1.15
SDOG,-1.63,0.98,0.75,79.83,12.25,0.67,7.94
SDOW,-15.18,-2.74,-4.29,92.13,32.15,-1.64,16.48
SDS,-3.0,-1.91,-1.78,99.62,21.36,-1.04,11.52
SDY,1.81,0.84,0.92,80.93,10.48,0.98,12.16
SEA,0.0,0.0,0.0,0.0,0.0,0.0,0.0
SEF,-1.6,-1.01,-0.92,79.33,12.74,-0.92,11.8
SGOL,0.65,0.12,0.02,2.0,12.49,-0.04,-10.79
SH,-1.56,-0.97,-0.88,99.82,10.85,-1.04,11.68
SHM,-1.04,0.43,0.07,66.76,1.56,0.07,0.23
SHV,-0.15,0.02,0.05,25.74,0.23,-1.19,-6.57
SHY,-0.43,0.24,0.06,69.78,0.8,-0.07,-0.25
SHYD,-0.31,0.74,0.2,73.92,2.55,0.65,2.24
SHYG,2.54,0.17,0.3,1.46,3.84,0.73,16.7
SIL,-5.39,0.69,-0.05,3.59,40.04,-0.03,-12.3
SIVR,-2.4,0.28,-0.37,5.04,19.17,-0.27,-24.04
SJB,-8.98,-0.5,-0.67,9.78,4.57,-2.05,18.13
SJNK,2.04,0.12,0.25,0.48,4.63,0.48,18.59
SKF,-2.87,-2.0,-1.85,79.09,25.19,-0.91,11.65
SKYY,8.28,1.08,1.29,69.93,14.38,1.03,13.57
SLV,-2.61,0.28,-0.39,5.04,19.17,-0.28,-24.71
SLVP,-3.38,0.8,0.18,4.57,41.61,0.03,-7.88
SLX,-4.98,1.69,0.49,35.39,31.42,0.16,0.23
SLY,-2.12,1.14,0.84,66.02,15.74,0.6,7.44
SLYG,-1.04,1.13,0.92,64.78,15.64,0.66,8.44
SLYV,-3.2,1.16,0.77,64.29,16.18,0.52,6.43
SMB,-0.96,0.46,0.09,68.05,1.66,0.16,0.57
SMH,12.63,1.2,1.71,51.12,18.52,1.07,16.52
SMLV,0.1,0.92,0.84,54.65,13.95,0.67,9.54
SMMU,-0.5,0.28,0.08,71.79,0.98,0.26,0.89
SMN,9.86,-2.24,-0.99,65.81,30.84,-0.41,7.19
SNLN,1.46,-0.04,0.18,0.12,3.14,0.44,-34.67
SOCL,2.36,1.08,0.84,38.75,19.52,0.48,7.15
SOXL,14.54,4.04,4.65,57.05,59.78,0.92,11.24
SOXS,-36.33,-3.5,-5.89,54.3,53.06,-1.35,16.97
SOXX,12.54,1.24,1.73,50.96,19.27,1.03,15.96
SOYB,-2.33,0.51,-0.55,19.86,17.46,-0.42,-16.79
SPAB,-0.09,1.01,0.19,99.98,2.78,0.53,1.46
SPDW,0.07,0.96,0.26,97.81,11.72,0.21,1.82
SPEM,2.19,1.1,0.47,76.63,15.03,0.32,3.49
SPFF,0.41,0.53,0.17,10.98,4.41,0.28,2.19
SPHB,-6.26,1.41,0.72,75.53,18.19,0.44,4.62
SPHD,4.03,0.71,0.99,60.06,10.23,1.09,15.85
SPHQ,1.24,0.88,0.91,90.51,10.38,0.97,11.4
SPIB,0.56,0.78,0.21,81.7,2.4,0.74,2.28
SPLB,0.4,2.23,0.39,72.34,7.26,0.54,1.67
SPLG,-0.31,1.01,0.88,99.69,11.29,0.87,9.57
SPLV,3.68,0.69,0.95,65.74,9.57,1.11,15.51
SPMD,-4.2,1.14,0.67,78.41,14.39,0.5,5.64
SPSB,0.36,0.24,0.13,60.02,0.88,0.85,3.08
SPSM,-4.03,1.19,0.73,68.64,16.12,0.49,5.8
SPTL,-1.11,3.27,0.4,85.94,9.77,0.41,1.11
SPTM,-0.59,1.02,0.87,98.91,11.49,0.84,9.26
SPTS,-0.54,0.41,0.07,77.45,1.29,0.08,0.25
SPXL,-4.27,3.07,2.27,99.79,34.32,0.77,7.45
SPXS,-6.47,-2.8,-2.82,99.33,31.42,-1.1,11.87
SPXU,-5.54,-2.8,-2.74,99.34,31.45,-1.07,11.64
SPY,-0.08,1.0,0.89,100.0,11.15,0.89,9.82
SPYG,1.4,1.03,1.04,93.48,11.89,0.98,11.35
SPYV,-1.83,0.96,0.71,90.99,11.24,0.69,7.78
SQQQ,-19.82,-2.96,-4.93,75.28,38.44,-1.57,17.13
SRLN,2.19,-0.12,0.23,1.46,2.84,0.7,-16.09
SRS,-5.53,-1.34,-1.51,34.01,25.61,-0.74,15.16
SRTY,9.04,-3.54,-2.14,68.65,47.8,-0.55,8.99
SSG,-22.3,-2.18,-3.62,47.92,35.17,-1.26,18.6
SSO,-2.14,2.02,1.58,99.95,22.62,0.8,8.36
STIP,-0.58,0.28,0.05,28.46,1.49,-0.09,-0.52
STPZ,-0.9,0.38,0.04,34.79,1.77,-0.17,-0.86
SUB,-0.69,0.26,0.06,60.8,1.01,0.01,0.01
SUSA,-0.85,1.02,0.84,96.68,11.54,0.81,8.96
SVXY,-25.93,-1.03,3.68,74.34,70.87,0.6,12.32
SYLD,-3.03,1.07,0.71,86.74,12.86,0.6,6.7
TAN,-16.7,1.66,-0.51,37.41,29.99,-0.23,-6.47
TAO,9.8,1.3,1.14,59.06,20.31,0.64,8.91
TBF,-0.7,-3.41,-0.44,84.94,10.29,-0.59,1.89
TBT,-0.77,-6.78,-0.89,84.98,20.45,-0.56,1.88
TBX,-0.63,-1.62,-0.2,89.81,4.78,-0.67,2.01
TDIV,5.08,1.04,1.0,72.65,13.45,0.84,10.56
TDTF,-1.08,0.82,0.08,55.29,3.07,0.07,0.2
TDTT,-0.85,0.36,0.04,32.73,1.76,-0.16,-0.83
TECL,8.34,3.35,3.56,73.62,43.68,0.96,11.46
TECS,-27.42,-2.8,-5.38,65.47,38.96,-1.69,19.17
TFI,-0.72,1.2,0.27,98.91,3.57,0.69,2.06
THD,6.5,0.77,0.76,37.53,15.04,0.56,9.82
TILT,-2.44,1.07,0.76,93.19,12.43,0.67,7.36
TIP,-0.97,1.02,0.12,64.98,3.5,0.18,0.57
TIPZ,-1.11,1.15,0.12,67.38,3.87,0.18,0.55
TLH,-0.76,2.06,0.27,90.96,5.96,0.41,1.14
TLT,-1.02,3.44,0.43,84.84,10.35,0.42,1.15
TLTD,-0.41,0.98,0.23,94.98,12.1,0.16,1.28
TLTE,1.31,1.11,0.4,77.8,15.09,0.26,2.65
TMF,-5.26,10.75,1.03,83.51,32.64,0.36,0.62
TMV,-1.72,-10.47,-1.45,84.17,31.69,-0.57,2.01
TNA,-14.56,3.57,1.83,67.78,48.47,0.44,2.78
TOK,4.49,0.84,0.61,83.24,11.06,0.59,7.3
TQQQ,3.68,3.59,3.37,80.62,44.73,0.89,9.66
TTT,-1.31,-10.12,-1.37,84.82,30.52,-0.56,1.97
TUR,-4.87,1.2,-0.1,22.15,30.61,-0.06,-5.45
TUZ,-0.45,0.23,0.06,69.03,0.78,-0.11,-0.37
TWM,6.06,-2.37,-1.42,68.84,31.97,-0.56,8.69
TYO,-2.13,-4.95,-0.76,89.04,14.6,-0.68,2.12
TZA,3.73,-3.76,-3.88,75.99,48.6,-0.98,12.18
UBR,-2.73,1.74,1.29,7.88,69.36,0.21,-4.4
UBT,-3.19,6.91,0.7,84.73,20.82,0.37,0.83
UCO,-1.2,3.6,-3.0,78.57,61.87,-0.59,-12.33
UDN,-4.28,-6.29,-0.39,0.4,6.82,-0.81,0.89
UDOW,1.09,3.04,2.7,92.5,35.34,0.89,9.49
UGA,2.79,1.5,-0.94,58.11,29.98,-0.4,-10.25
UGL,-0.59,0.21,-0.16,1.64,25.21,-0.11,-26.59
UMDD,-10.14,3.25,1.94,81.63,40.21,0.56,4.74
UNG,-12.85,0.81,-1.67,9.88,39.29,-0.53,-31.31
UPRO,-4.02,3.07,2.29,99.81,34.33,0.78,7.55
UPW,13.96,0.55,1.69,5.76,25.59,0.76,32.12
URA,-21.93,1.39,-1.08,23.37,31.81,-0.43,-12.26
URE,0.82,1.45,1.35,35.14,27.4,0.56,8.62
URTH,4.36,0.84,0.6,85.0,10.96,0.58,7.13
URTY,-14.17,3.56,1.86,67.78,48.44,0.45,2.9
USCI,-2.77,0.54,-0.61,65.8,10.05,-0.8,-15.46
USD,11.3,2.4,3.01,49.42,38.17,0.93,13.54
USDU,2.67,0.67,0.3,0.01,6.11,0.46,3.98
USL,5.06,1.61,-0.84,80.73,27.29,-0.4,-8.54
USMV,3.95,0.72,0.99,78.76,9.05,1.23,15.84
USO,0.49,1.86,-1.42,77.21,32.16,-0.55,-11.26
USRT,4.5,0.64,0.75,25.14,14.02,0.59,12.01
UST,-2.6,3.26,0.27,89.77,9.55,0.26,0.65
UUP,2.28,5.63,0.34,0.33,6.64,0.5,0.57
UVXY,-53.24,1.48,-12.57,96.24,89.56,-1.7,-59.69
UWM,-9.67,2.38,1.25,68.27,32.25,0.44,3.98
UYG,-2.64,2.1,1.6,79.23,26.3,0.7,7.7
UYM,-16.1,2.33,0.67,66.29,32.03,0.23,0.99
VAW,-1.78,1.22,0.52,74.36,15.62,0.35,3.6
VB,-3.47,1.15,0.73,78.34,14.49,0.56,6.34
VBK,-3.54,1.18,0.75,74.88,15.23,0.54,6.29
VBR,-3.37,1.12,0.72,76.25,14.34,0.55,6.36
VCIT,0.73,1.21,0.28,83.21,3.65,0.71,2.16
VCLT,0.47,2.26,0.4,72.81,7.33,0.55,1.7
VCR,3.97,1.06,0.92,76.9,13.41,0.77,9.31
VCSH,0.47,0.44,0.16,73.72,1.41,0.82,2.66
VDC,4.18,0.57,0.69,34.14,10.72,0.7,12.81
VDE,-10.42,1.24,-0.19,43.92,20.74,-0.15,-4.08
VEA,0.14,0.94,0.26,96.05,11.51,0.21,1.9
VEGI,-1.91,0.92,0.36,70.4,12.1,0.29,3.14
VEU,0.34,0.96,0.29,98.25,11.69,0.23,2.11
VFH,4.54,0.99,0.93,55.92,14.61,0.71,9.97
VGIT,-0.73,1.06,0.14,86.32,3.16,0.3,0.84
VGK,-1.29,0.97,0.15,87.98,12.38,0.08,0.31
VGLT,-1.15,3.32,0.4,85.47,9.94,0.41,1.1
VGSH,-0.38,0.24,0.06,69.48,0.8,-0.01,-0.05
VGT,9.96,1.1,1.44,67.9,14.84,1.11,15.13
VHT,5.0,0.96,0.96,59.53,13.73,0.78,10.73
VIDI,0.69,0.99,0.37,90.22,12.73,0.29,3.03
VIG,0.29,0.91,0.85,91.45,10.65,0.88,10.21
VIOG,-1.13,1.13,0.91,64.82,15.67,0.65,8.35
VIOO,-2.12,1.14,0.84,66.1,15.73,0.6,7.44
VIOV,-3.29,1.16,0.76,64.32,16.21,0.52,6.35
VIS,2.48,1.13,0.83,73.13,14.6,0.63,7.55
VIXM,-4.69,0.41,-1.79,89.15,27.56,-0.81,-56.51
VIXY,-1.21,1.0,-3.6,100.0,63.54,-0.69,-47.21
VLUE,-2.33,1.07,0.76,91.54,12.5,0.67,7.44
VMBS,0.29,0.68,0.18,84.4,2.05,0.66,1.99
VNM,-4.78,0.91,-0.15,41.79,16.85,-0.15,-4.37
VNQ,4.26,0.63,0.73,22.8,14.56,0.55,11.53
VNQI,-0.06,0.87,0.49,64.2,11.97,0.43,5.21
VO,-2.37,1.05,0.75,91.14,12.32,0.66,7.36
VOE,-2.57,1.01,0.7,89.4,11.98,0.63,7.07
VONE,-0.48,1.01,0.87,99.73,11.3,0.85,9.38
VONG,1.15,1.06,1.05,93.79,12.29,0.96,11.04
VONV,-2.05,0.95,0.69,92.42,11.09,0.68,7.54
VOO,-0.03,1.0,0.9,100.0,11.18,0.89,9.87
VOOG,1.36,1.03,1.04,93.52,11.91,0.98,11.32
VOOV,-1.88,0.96,0.71,91.03,11.28,0.69,7.74
VOT,-2.16,1.09,0.79,86.64,13.09,0.67,7.59
VOX,-1.01,0.74,0.35,42.4,12.59,0.27,3.63
VPL,2.43,0.9,0.45,83.75,11.87,0.39,4.44
VPU,9.21,0.24,0.95,4.24,12.61,0.84,44.08
VSS,-0.14,0.94,0.24,88.81,11.94,0.18,1.54
VT,4.07,0.86,0.58,87.92,10.99,0.56,6.68
VTHR,-0.81,1.02,0.85,98.98,11.49,0.82,9.02
VTI,-0.67,1.02,0.86,98.91,11.5,0.83,9.17
VTIP,-0.61,0.3,0.05,30.7,1.5,-0.1,-0.52
VTV,-0.17,0.94,0.83,93.27,10.83,0.85,9.67
VTWG,-4.24,1.28,0.78,70.27,17.08,0.5,5.81
VTWO,-4.29,1.19,0.7,68.61,16.11,0.48,5.56
VTWV,-4.43,1.1,0.62,61.49,15.73,0.42,5.08
VUG,-0.1,1.08,0.96,92.73,12.51,0.86,9.72
VUSE,-4.66,1.07,0.57,78.86,13.46,0.45,4.99
VV,-0.19,1.0,0.89,99.92,11.22,0.88,9.7
VWO,1.66,1.08,0.42,74.06,15.07,0.28,2.99
VWOB,2.37,1.0,0.39,30.54,5.03,0.78,3.9
VXF,-3.55,1.14,0.72,79.7,14.31,0.55,6.28
VXUS,0.26,0.96,0.28,98.24,11.66,0.22,2.02
VYM,0.54,0.88,0.85,91.34,10.31,0.91,10.54
WDIV,2.45,0.81,0.43,80.78,10.8,0.41,4.86
WEAT,-13.99,0.32,-1.36,3.49,25.93,-0.66,-58.84
WIP,-2.12,1.05,0.02,14.95,7.55,-0.06,-0.72
WOOD,-1.34,1.24,0.57,61.92,17.46,0.35,3.77
WPS,-0.34,0.83,0.45,65.74,11.34,0.41,4.91
WTMF,-1.46,0.23,-0.01,22.9,4.95,-0.18,-4.41
XAR,7.68,1.09,1.24,58.17,15.8,0.9,12.71
XBI,4.35,1.75,1.3,37.24,31.77,0.46,5.77
XES,-31.37,1.96,-1.58,34.34,37.0,-0.53,-12.05
XHB,-2.8,1.14,0.4,49.68,17.91,0.22,2.14
XHE,10.99,0.99,1.47,43.14,16.68,1.01,16.92
XHS,2.95,1.0,0.8,43.39,16.71,0.53,7.81
XLB,-1.36,1.15,0.52,70.68,15.1,0.36,3.9
XLE,-9.13,1.2,-0.1,45.74,19.69,-0.1,-3.19
XLF,4.41,1.0,0.93,55.24,14.93,0.7,9.72
XLG,0.66,0.99,0.95,95.98,11.3,0.94,10.62
XLI,3.37,1.11,0.89,72.72,14.36,0.69,8.48
XLK,9.18,1.04,1.35,68.88,13.88,1.11,14.91
XLP,4.23,0.55,0.69,30.31,11.06,0.68,13.01
XLU,9.24,0.19,0.93,2.76,12.77,0.81,52.57
XLV,4.94,0.9,0.92,59.2,12.94,0.8,11.06
XLY,5.33,1.06,1.03,75.78,13.42,0.87,10.76
XME,-9.08,1.57,0.09,27.44,33.14,0.01,-3.13
XMLV,4.72,0.74,1.07,59.95,10.63,1.14,16.66
XMPT,-0.39,2.07,0.49,64.58,7.63,0.67,2.42
XNTK,7.6,1.2,1.29,74.19,15.44,0.96,12.12
XOP,-21.24,1.7,-0.86,32.04,33.28,-0.33,-9.1
XPH,-6.02,1.31,0.21,41.11,22.62,0.08,-0.64
XPP,-7.89,2.27,1.31,38.76,40.81,0.36,3.09
XRT,-2.03,0.86,0.32,36.94,15.69,0.2,2.23
XSD,11.98,1.22,1.67,44.74,20.24,0.95,15.4
XSLV,2.53,0.84,0.98,50.2,13.28,0.83,12.68
XSW,8.14,1.14,1.31,60.34,16.26,0.92,12.82
XTL,0.91,0.97,0.62,57.61,14.08,0.47,6.08
XTN,2.36,1.23,0.87,53.18,18.68,0.52,6.74
YANG,-3.81,-3.15,-2.89,39.41,56.16,-0.63,13.04
YCS,2.38,9.35,0.41,0.11,19.07,0.22,0.26
YINN,-15.36,3.42,1.65,38.46,61.74,0.31,0.1
YMLI,-10.59,1.41,-0.12,52.09,21.59,-0.1,-3.16
YMLP,-26.77,1.56,-1.39,44.06,26.1,-0.67,-12.28
YYY,-3.44,1.46,0.33,80.19,10.87,0.3,1.84
ZMLP,-18.95,1.49,-0.78,53.45,22.6,-0.45,-8.03
ZROZ,-1.25,5.26,0.65,79.17,16.39,0.43,1.12
ZSL,2.53,0.5,0.6,4.19,38.06,0.17,-1.57
